{"cameraMode":{"drawMode":0,"name":"Shaded","section":"Shading Mode"},"sceneLighting":true,"audioPlay":false,"sceneViewState":{"m_AlwaysRefresh":false,"showFog":true,"showSkybox":true,"showFlares":true,"showImageEffects":true,"showParticleSystems":true,"showVisualEffectGraphs":true,"m_FxEnabled":true},"in2DMode":false,"pivot":{"x":-15.559331893920899,"y":12.430953979492188,"z":19.181842803955079},"rotation":{"x":0.06855405867099762,"y":0.9144877195358276,"z":-0.3583827018737793,"w":0.17492468655109406},"size":47.260372161865237,"orthographic":false}